{"cameraMode":{"drawMode":0,"name":"Shaded","section":"Shading Mode"},"sceneLighting":false,"audioPlay":false,"sceneViewState":{"m_AlwaysRefresh":false,"showFog":true,"showSkybox":false,"showFlares":true,"showImageEffects":true,"showParticleSystems":true,"showVisualEffectGraphs":true,"m_FxEnabled":true},"in2DMode":false,"pivot":{"x":-0.0735701322555542,"y":0.6187387704849243,"z":0.10747133195400238},"rotation":{"x":-0.003847819287329912,"y":0.9959208965301514,"z":-0.07364244014024735,"w":-0.05203301087021828},"size":0.7660452127456665,"orthographic":false}